age,gender,cp,trestbps,chol,fbs,restecg,thalach,exang,oldpeak,slope,ca,thal
41,1,1,110.0,246.16050247600802,0,1,153.0,0,0.0,2,0,2
54,1,2,150.0,237.24473628708495,0,0,165.0,0,1.6,2,0,3
58,1,0,128.0,209.68109359274337,0,0,131.0,1,2.2,1,3,3
58,1,2,132.0,217.97962566599512,0,0,173.0,0,3.2,2,2,3
60,0,0,150.0,248.6641131952411,0,0,157.0,0,2.6,1,2,3
35,1,0,126.0,277.8450950956068,0,0,156.0,1,0.0,2,0,3
63,1,0,130.0,324.80683892774374,1,0,132.0,1,1.8,2,3,3
51,1,2,94.0,256.4778172764823,0,1,154.0,1,0.0,2,1,3
68,1,2,180.0,274.44892441046835,1,0,150.0,1,1.6,1,0,3
53,1,0,123.0,266.53997653672894,0,1,95.0,1,2.0,1,2,3
68,1,0,144.0,186.67926046522683,1,1,141.0,0,3.4,1,2,3
34,1,3,118.0,172.33842103114486,0,0,174.0,0,0.0,2,0,2
61,0,0,130.0,324.52493009254573,0,0,169.0,0,0.0,2,0,2
59,1,3,170.0,275.165843754086,0,0,159.0,0,0.2,1,0,3
52,1,3,118.0,192.59728032635132,0,0,190.0,0,0.0,1,0,1
43,1,0,132.0,237.09278791353447,1,0,143.0,1,0.1,1,4,3
65,1,3,138.0,264.9073588699747,1,0,174.0,0,1.4,1,1,2
41,0,1,126.0,303.6486963562528,0,1,163.0,0,0.0,2,0,2
62,1,0,120.0,255.03149440388947,0,1,99.0,1,1.8,1,2,3
70,1,1,156.0,234.6148294371749,0,0,143.0,0,0.0,2,0,2
42,1,0,140.0,229.08487065153525,0,1,178.0,0,0.0,2,0,2
52,1,3,118.0,194.92289754507036,0,0,190.0,0,0.0,1,0,1
60,0,2,102.0,313.2860647354317,0,1,160.0,0,0.0,2,1,2
50,1,0,144.0,196.69547708993312,0,0,126.0,1,0.9,1,0,3
53,0,0,138.0,234.20813483276717,0,0,160.0,0,0.0,2,0,2
58,1,0,114.0,316.650570622132,0,2,140.0,0,4.4,0,3,1
58,1,0,125.0,301.1172494007358,0,0,171.0,0,0.0,2,2,3
48,1,0,124.0,274.4447162031053,0,0,166.0,0,0.5,1,0,3
51,1,0,140.0,303.59521763223984,0,1,173.0,1,1.6,2,0,3
58,1,0,128.0,261.1746978544413,0,0,130.0,1,3.0,1,2,3
35,0,0,138.0,171.1275542569761,0,1,182.0,0,1.4,2,0,2
69,0,3,140.0,236.00868387140682,0,1,151.0,0,1.8,2,2,2
51,1,2,125.0,239.2813857135281,1,0,166.0,0,2.4,1,0,2
67,1,0,160.0,284.0941317143811,0,0,108.0,1,1.5,1,3,2
46,1,0,140.0,312.6972560604192,0,1,120.0,1,1.8,1,2,3
56,0,0,134.0,400.688669622553,0,0,150.0,1,1.9,1,2,3
60,1,0,130.0,192.06696770907067,0,0,132.0,1,2.4,1,2,3
44,1,2,130.0,240.2353584040457,0,1,179.0,1,0.4,2,0,2
59,1,3,134.0,214.6102264523778,0,1,162.0,0,0.8,2,2,2
50,1,0,150.0,233.0827385925853,0,0,128.0,0,2.6,1,0,3
56,1,0,130.0,302.74075075055674,1,0,103.0,1,1.6,0,0,3
70,1,1,156.0,244.47457087216907,0,0,143.0,0,0.0,2,0,2
38,1,3,120.0,232.1385293449341,0,1,182.0,1,3.8,1,0,3
62,1,1,120.0,283.13880032255537,0,0,103.0,0,1.4,1,1,3
66,1,0,112.0,204.15448150274983,0,0,132.0,1,0.1,2,1,2
46,0,1,105.0,197.17632021462452,0,1,172.0,0,0.0,2,0,2
49,1,1,130.0,258.6788483022701,0,1,171.0,0,0.6,2,0,2
59,1,3,170.0,285.3809567972859,0,0,159.0,0,0.2,1,0,3
53,1,2,130.0,231.80495422048853,1,0,173.0,0,0.0,2,3,2
67,0,2,152.0,286.38441810902174,0,1,172.0,0,0.0,2,1,2
58,1,0,146.0,209.22839788309454,0,1,105.0,0,2.0,1,1,3
41,1,2,112.0,245.33747553315044,0,1,179.0,0,0.0,2,0,2
52,1,2,138.0,211.68462732198276,0,1,169.0,0,0.0,2,4,2
46,0,1,105.0,197.17336702428938,0,1,172.0,0,0.0,2,0,2
52,1,0,125.0,212.02932761447738,0,1,168.0,0,1.0,2,2,3
63,1,3,145.0,237.62653683674432,1,0,150.0,0,2.3,0,0,1
47,1,2,130.0,247.63472040847768,0,1,179.0,0,0.0,2,0,2
49,1,1,130.0,259.9504877776815,0,1,171.0,0,0.6,2,0,2
70,1,0,130.0,321.4360236879121,0,0,109.0,0,2.4,1,3,2
46,0,1,105.0,198.43106910049596,0,1,172.0,0,0.0,2,0,2
68,1,2,118.0,269.56297850093137,0,1,151.0,0,1.0,2,1,3
71,0,0,112.0,160.06780545454242,0,1,125.0,0,1.6,1,0,2
41,1,1,135.0,175.8139033811497,0,1,132.0,0,0.0,1,0,1
50,0,1,120.0,239.53349003010342,0,1,162.0,0,1.1,2,0,2
58,1,0,114.0,311.8242948557686,0,2,140.0,0,4.4,0,3,1
47,1,0,112.0,209.37818861477876,0,1,143.0,0,0.1,2,0,2
43,1,0,110.0,216.6278368109235,0,1,161.0,0,0.0,2,0,3
54,1,0,124.0,269.44787183124464,0,0,109.0,1,2.2,1,1,3
65,1,0,120.0,190.81170574968047,0,1,140.0,0,0.4,2,0,3
39,0,2,138.0,225.6982147704294,0,1,152.0,0,0.0,1,0,2
50,0,0,110.0,256.8724626807144,0,0,159.0,0,0.0,2,0,2
64,0,2,140.0,315.5825715034051,0,1,133.0,0,0.2,2,0,3
51,1,0,140.0,301.0999828103697,0,1,173.0,1,1.6,2,0,3
47,1,2,138.0,240.42611445062994,0,0,156.0,0,0.0,2,0,2
54,1,2,125.0,273.7644499383464,0,0,152.0,0,0.5,0,1,2
52,1,1,128.0,203.70210244145724,1,1,184.0,0,0.0,2,0,2
52,1,0,125.0,212.97695759954044,0,1,168.0,0,1.0,2,2,3
57,1,0,152.0,276.477267711675,0,1,88.0,1,1.2,1,1,3
53,0,0,130.0,272.2315465864255,0,0,143.0,0,0.4,1,0,2
50,1,2,140.0,239.71052915063774,0,1,163.0,0,0.6,1,1,3
58,1,0,125.0,303.8469223399275,0,0,171.0,0,0.0,2,2,3
71,0,1,160.0,300.8771545626139,0,1,162.0,0,0.4,2,2,2
56,1,2,130.0,257.80822187351845,1,0,142.0,1,0.6,1,1,1
67,1,0,160.0,288.56174756187244,0,0,108.0,1,1.5,1,3,2
58,0,0,170.0,209.87165986344803,1,0,146.0,1,2.8,1,2,1
60,1,0,145.0,298.16334491278644,0,0,142.0,1,2.8,1,2,3
51,0,0,130.0,303.88776103595364,0,1,142.0,1,1.2,1,0,3
61,0,0,130.0,332.9560547692728,0,0,169.0,0,0.0,2,0,2
54,0,2,135.0,303.7432731682896,1,1,170.0,0,0.0,2,0,2
52,1,1,134.0,196.32284348773737,0,1,158.0,0,0.8,2,1,2
67,1,0,160.0,284.1266913162975,0,0,108.0,1,1.5,1,3,2
35,1,0,126.0,288.3791106295636,0,0,156.0,1,0.0,2,0,3
58,1,0,114.0,312.3154676272967,0,2,140.0,0,4.4,0,3,1
45,1,1,128.0,302.35242473615483,0,0,170.0,0,0.0,2,0,2
51,1,0,140.0,299.53720862536824,0,1,173.0,1,1.6,2,0,3
66,1,0,160.0,215.78455972252928,0,0,138.0,0,2.3,2,0,1
58,0,3,150.0,274.9636824706054,1,0,162.0,0,1.0,2,0,2
66,1,1,160.0,233.56774608784198,0,1,120.0,1,0.0,1,3,1
41,1,0,110.0,172.47033149599463,0,0,158.0,0,0.0,2,0,3
51,1,2,110.0,192.88989289110214,0,1,123.0,0,0.6,2,0,2
