status,prediction,error
success,1.0,
success,0.0,
success,1.0,
success,1.0,
success,1.0,
success,1.0,
success,1.0,
success,1.0,
success,0.0,
success,1.0,
success,1.0,
success,1.0,
success,1.0,
success,1.0,
success,0.0,
success,1.0,
success,0.0,
success,0.0,
success,1.0,
success,1.0,
success,0.0,
success,0.0,
success,1.0,
success,1.0,
success,0.0,
success,0.0,
success,0.0,
success,0.0,
success,0.0,
error,,Out of range float values are not JSON compliant
success,1.0,
success,0.0,
success,1.0,
success,1.0,
success,1.0,
success,0.0,
success,0.0,
success,1.0,
success,1.0,
success,0.0,
success,0.0,
success,1.0,
success,1.0,
success,0.0,
success,1.0,
success,0.0,
success,1.0,
success,1.0,
success,1.0,
success,1.0,
success,1.0,
success,0.0,
success,0.0,
success,0.0,
success,1.0,
success,1.0,
success,0.0,
success,0.0,
success,0.0,
success,0.0,
success,0.0,
success,0.0,
success,0.0,
success,0.0,
success,0.0,
success,0.0,
success,1.0,
success,0.0,
error,,Out of range float values are not JSON compliant
success,0.0,
success,0.0,
success,1.0,
success,1.0,
success,1.0,
success,0.0,
success,1.0,
success,1.0,
success,1.0,
error,,Out of range float values are not JSON compliant
success,1.0,
success,1.0,
success,1.0,
success,1.0,
success,0.0,
success,0.0,
success,0.0,
success,1.0,
success,1.0,
success,1.0,
success,0.0,
success,1.0,
success,1.0,
success,1.0,
success,1.0,
success,0.0,
success,0.0,
success,1.0,
success,0.0,
success,0.0,
success,1.0,
